timestamp,price,fast_ema,slow_ema,position_open
2026-06-23T01:50:30.146159,4151.49,4183.08,4186.39,no
2026-06-23T06:17:00.534400,4121.51,4146.3,4165.23,no
2026-06-23T10:07:26.760250,4132.8,4129.08,4149.26,no
2026-06-23T12:49:05.046785,4117.93,4124.26,4143.29,no
2026-06-23T15:42:26.184792,4137.55,4128.85,4140.79,no
2026-06-23T17:31:58.441903,4131.19,4130.35,4139.48,no
2026-06-23T19:30:37.401961,4122.07,4126.29,4135.87,no
2026-06-23T21:17:33.773602,4110.14,4121.42,4132.69,no
2026-06-23T22:42:02.672829,4100.59,4117.26,4129.77,no
2026-06-23T23:42:45.845682,4084.6,4111.33,4125.98,no
2026-06-24T01:47:26.650083,4092.92,4107.3,4121.71,no
2026-06-24T05:53:25.804743,4074.43,4083.18,4103.91,no
2026-06-24T09:48:04.249679,4068.05,4078.54,4095.15,no
2026-06-24T12:11:23.740359,4040.53,4062.59,4082.99,no
2026-06-24T15:12:10.336409,3999.36,4032.73,4062.25,no
2026-06-24T17:21:28.006368,4000.28,4022.5,4052.27,no
2026-06-24T19:14:40.186873,3976.85,4003.3,4037.5,no
2026-06-24T21:00:05.135663,4000.92,4004.62,4035.11,no
2026-06-24T22:25:13.395927,4001.91,4004.08,4032.09,no
2026-06-24T23:45:38.501226,4014.49,4005.29,4030.04,no
2026-06-25T01:52:09.335266,3985.57,3998.89,4022.66,no
2026-06-25T06:16:40.915872,3980.18,3990.62,4009.03,no
2026-06-25T09:47:57.514075,3988.39,3989.34,4003.75,no
2026-06-25T12:09:29.000029,3982.74,3985.91,3998.43,no
2026-06-25T15:19:45.380694,4006.15,3999.3,4002.59,no
2026-06-25T17:32:54.443999,4032.68,4015.21,4010.14,no
2026-06-25T19:28:28.534505,4039.21,4023.41,4014.98,no
2026-06-25T21:15:28.445683,4026.7,4022.09,4015.02,no
2026-06-25T22:51:13.519658,4024.8,4022.63,4015.91,no
2026-06-26T00:19:28.853876,4019.43,4020.93,4016.25,no
2026-06-26T04:52:56.708535,4010.42,4012.42,4013.22,no
2026-06-26T08:34:10.426034,4035.56,4022.16,4017.85,no
2026-06-26T11:29:40.776713,4052.21,4036.15,4025.93,no
2026-06-26T13:34:24.660353,4056.7,4043.14,4031.0,no
2026-06-26T16:02:43.626212,4090.48,4060.78,4041.79,no
2026-06-26T18:01:56.076569,4074.94,4067.52,4048.39,no
2026-06-26T20:05:12.361657,4071.53,4068.97,4053.84,no
2026-06-26T21:43:27.078795,4090.31,4072.73,4055.55,no
2026-06-26T22:54:25.488120,4090.31,4072.73,4055.55,no
2026-06-27T00:17:36.221182,4090.31,4072.73,4055.55,no
2026-06-27T04:30:13.650452,4090.31,4072.73,4055.55,no
2026-06-27T21:16:27.465855,4090.31,4072.73,4055.55,no
2026-06-27T22:32:43.104472,4090.31,4072.73,4055.55,no
2026-06-27T23:37:56.967240,4090.31,4072.73,4055.55,no
2026-06-28T01:55:34.198036,4090.31,4072.73,4055.55,no
2026-06-28T06:34:58.901657,4090.31,4072.73,4055.55,no
2026-06-28T09:48:34.963497,4090.31,4072.73,4055.55,no
2026-06-28T11:28:21.903747,4090.31,4072.73,4055.55,no
2026-06-28T13:02:20.344958,4090.31,4072.73,4055.55,no
2026-06-28T14:55:02.163601,4090.31,4072.73,4055.55,no
2026-06-28T16:21:07.159765,4090.31,4072.73,4055.55,no
2026-06-28T17:47:15.438647,4090.31,4072.73,4055.55,no
2026-06-28T18:55:55.822606,4090.31,4072.73,4055.55,no
2026-06-28T20:20:01.599101,4090.31,4072.73,4055.55,no
2026-06-28T21:42:07.679812,4090.31,4072.73,4055.55,no
2026-06-28T22:45:57.785928,4064.42,4071.07,4056.36,no
2026-06-28T23:53:58.728787,4061.43,4069.46,4056.99,no
2026-06-29T04:54:08.772010,4057.31,4065.89,4059.91,no
2026-06-29T09:55:29.855517,4034.47,4054.45,4056.23,no
2026-06-29T14:15:11.606622,4014.61,4038.4,4047.02,yes
2026-06-29T17:14:03.613409,4030.97,4034.29,4042.91,no
2026-06-29T19:16:59.504043,4008.68,4024.57,4036.62,yes
2026-06-29T20:59:36.459769,4017.11,4024.24,4035.45,no
2026-06-29T22:16:27.283199,4018.62,4023.06,4033.89,no
2026-06-29T23:29:29.293678,4018.53,4021.45,4032.13,no
2026-06-30T01:32:58.776016,3979.2,4007.08,4023.35,no
2026-06-30T05:52:07.194384,3979.91,3988.16,4007.55,no
2026-06-30T09:56:48.954728,4021.9,4009.04,4012.77,no
2026-06-30T12:19:40.736012,4027.44,4019.59,4017.28,no
2026-06-30T15:15:11.579962,4036.15,4025.25,4020.39,no
2026-06-30T17:18:33.855697,4023.21,4024.14,4020.63,no
2026-06-30T19:12:35.011328,4025.09,4026.03,4022.27,no
2026-06-30T21:08:16.881100,4007.61,4020.89,4020.19,no
2026-06-30T22:43:03.015691,4016.61,4020.04,4019.86,no
2026-06-30T23:53:07.260946,4007.46,4016.97,4018.45,no
2026-07-01T04:47:49.726768,3974.84,3992.14,4004.21,no
2026-07-01T08:42:16.815615,3973.03,3981.5,3994.7,no
2026-07-01T11:46:14.267162,4029.47,3994.35,3997.51,yes
2026-07-01T13:57:19.670778,4089.33,4018.03,4008.03,yes
2026-07-01T16:34:32.046321,4081.81,4050.56,4027.21,no
2026-07-01T18:32:44.177222,4061.74,4054.28,4032.95,yes
2026-07-01T20:28:13.405668,4037.8,4048.58,4033.91,no
2026-07-01T22:05:37.135360,4038.55,4045.52,4033.79,no
2026-07-01T23:47:31.818772,4036.19,4044.71,4034.56,no
2026-07-02T01:53:17.461156,4052.4,4047.29,4037.54,no
2026-07-02T06:07:35.448827,4071.22,4059.85,4048.05,no
2026-07-02T09:36:35.901289,4066.0,4064.49,4053.38,no
2026-07-02T11:57:53.637357,4070.63,4065.95,4055.98,no
2026-07-02T14:24:40.284194,4125.95,4095.43,4073.33,no
2026-07-02T16:21:35.095428,4123.55,4106.7,4082.66,no
2026-07-02T18:16:54.761752,4119.26,4108.56,4087.59,no
2026-07-02T19:56:57.016646,4122.92,4111.98,4091.09,no
2026-07-02T21:19:00.521422,4123.97,4114.13,4093.95,no
2026-07-02T22:32:29.332458,4125.09,4116.33,4096.78,no
2026-07-02T23:42:33.862634,4123.38,4117.68,4099.17,no
2026-07-03T01:20:17.030969,4179.8,4135.19,4110.68,yes
2026-07-03T05:32:53.636934,4176.15,4160.8,4132.34,no
2026-07-03T08:37:59.833900,4185.58,4169.52,4143.65,no
2026-07-03T11:18:30.956327,4183.45,4173.4,4151.87,no
2026-07-03T13:16:49.230684,4166.77,4172.35,4155.12,yes
2026-07-03T15:30:23.222958,4167.36,4170.71,4157.31,no
2026-07-03T16:59:40.640908,4174.99,4171.19,4158.72,no
2026-07-03T18:20:29.400008,4175.07,4171.21,4158.73,no
2026-07-03T19:59:46.438656,4175.07,4171.21,4158.73,no
2026-07-03T21:18:36.087689,4175.07,4171.21,4158.73,no
2026-07-03T22:29:47.095177,4175.07,4171.21,4158.73,no
2026-07-03T23:37:55.782492,4175.07,4171.21,4158.73,no
2026-07-04T01:19:52.119147,4175.07,4171.21,4158.73,no
2026-07-04T05:26:38.300334,4175.07,4171.21,4158.73,no
2026-07-04T08:12:12.829087,4175.07,4171.21,4158.73,no
2026-07-04T10:27:57.796935,4175.07,4171.21,4158.73,no
2026-07-04T11:53:35.819328,4175.07,4171.21,4158.73,no
2026-07-04T13:52:55.425205,4175.07,4171.21,4158.73,no
2026-07-04T15:15:34.017057,4175.07,4171.21,4158.73,no
2026-07-04T16:28:14.291376,4175.07,4171.21,4158.73,no
2026-07-04T17:37:02.644032,4175.07,4171.21,4158.73,no
2026-07-04T18:44:03.382340,4175.07,4171.21,4158.73,no
2026-07-04T19:58:53.610751,4175.07,4171.21,4158.73,no
2026-07-04T21:09:38.088552,4175.07,4171.21,4158.73,no
2026-07-04T22:13:58.849042,4175.07,4171.21,4158.73,no
2026-07-04T23:16:27.108441,4175.07,4171.21,4158.73,no
2026-07-05T01:10:47.601152,4175.07,4171.21,4158.73,no
2026-07-05T05:10:43.658526,4175.07,4171.21,4158.73,no
2026-07-05T08:20:22.748737,4175.07,4171.21,4158.73,no
2026-07-05T10:41:40.311135,4175.07,4171.21,4158.73,no
2026-07-05T12:05:48.941183,4175.07,4171.21,4158.73,no
2026-07-05T14:12:27.513391,4175.07,4171.21,4158.73,no
2026-07-05T15:39:57.533417,4175.07,4171.21,4158.73,no
2026-07-05T16:46:48.611109,4175.07,4171.21,4158.73,no
2026-07-05T17:51:17.196022,4175.07,4171.21,4158.73,no
2026-07-05T19:38:29.957455,4175.07,4171.21,4158.73,no
2026-07-05T20:42:30.325720,4175.07,4171.21,4158.73,no
2026-07-05T21:44:23.888244,4175.07,4171.21,4158.73,no
2026-07-05T22:43:14.042841,4190.73,4175.11,4161.64,no
2026-07-05T23:47:46.360443,4196.46,4179.0,4164.61,no
2026-07-06T01:29:00.523489,4184.49,4178.51,4166.67,no
2026-07-06T06:07:34.449544,4147.05,4163.35,4163.29,yes
2026-07-06T11:07:17.417158,4152.86,4156.37,4159.56,no
2026-07-06T14:38:41.489385,4141.05,4148.96,4155.02,no
2026-07-06T17:30:35.954923,4156.18,4151.04,4154.45,no
2026-07-06T19:20:39.696344,4161.22,4155.79,4156.23,no
2026-07-06T21:12:33.715783,4165.04,4158.05,4157.24,no
2026-07-06T22:40:23.776301,4167.61,4159.96,4158.19,no
2026-07-06T23:49:06.463122,4162.06,4159.86,4158.27,no
2026-07-07T01:29:22.890942,4133.24,4151.74,4154.64,yes
2026-07-07T05:48:14.995490,4123.83,4138.71,4147.09,no
2026-07-07T08:57:48.449720,4124.09,4132.55,4141.93,no
2026-07-07T12:06:36.420610,4159.07,4142.22,4143.67,yes
2026-07-07T15:19:09.520065,4148.93,4148.94,4147.05,no
2026-07-07T17:29:47.141548,4145.38,4146.37,4146.01,no
2026-07-07T19:22:58.711577,4099.28,4133.76,4140.13,yes
2026-07-07T21:08:47.734742,4105.86,4130.59,4138.26,no
2026-07-07T22:32:59.818279,4099.95,4124.46,4134.78,no
2026-07-07T23:32:45.365407,4105.05,4120.33,4131.95,no
2026-07-08T01:06:47.374575,4108.03,4115.67,4127.62,no
2026-07-08T04:35:13.087290,4126.2,4119.25,4126.41,no
2026-07-08T07:17:17.960207,4118.43,4120.81,4125.51,no
2026-07-08T09:41:59.103614,4053.38,4097.46,4113.49,no
2026-07-08T11:31:48.988880,4050.15,4079.61,4101.99,no
2026-07-08T13:13:01.952102,4073.55,4078.79,4097.86,no
2026-07-08T15:37:11.291256,4025.3,4061.7,4086.37,no
2026-07-08T17:12:37.808059,4065.36,4063.94,4083.28,no
2026-07-08T18:49:53.064739,4079.57,4067.14,4082.98,no
2026-07-08T20:25:04.737973,4076.93,4071.8,4082.56,no
2026-07-08T21:44:48.010055,4077.48,4071.91,4082.61,no
2026-07-08T22:47:07.584842,4076.38,4072.8,4082.04,no
2026-07-08T23:54:59.367323,4072.74,4072.83,4081.22,no
2026-07-09T04:06:11.430048,4061.41,4068.53,4076.0,no
2026-07-09T07:55:05.986714,4110.63,4085.31,4082.45,no
2026-07-09T11:15:34.392817,4104.8,4096.27,4089.27,no
2026-07-09T14:00:30.949205,4121.8,4103.73,4094.06,no
2026-07-09T16:33:56.448943,4132.62,4116.31,4102.82,no
2026-07-09T18:23:35.868652,4127.36,4121.14,4107.48,no
2026-07-09T20:24:54.231580,4121.95,4121.17,4109.83,no
2026-07-09T22:05:19.100728,4124.58,4122.14,4111.32,no
2026-07-09T23:39:38.078642,4122.83,4121.83,4112.14,no
2026-07-10T01:18:25.632102,4125.07,4123.29,4114.54,no
2026-07-10T05:12:42.046174,4114.11,4119.59,4115.4,no
2026-07-10T08:44:18.900931,4102.74,4113.84,4113.65,no
2026-07-10T11:36:07.126936,4099.49,4107.81,4110.61,no
2026-07-10T13:45:53.429043,4098.74,4105.24,4108.93,no
2026-07-10T16:09:06.717191,4111.65,4106.32,4108.4,no
2026-07-10T18:02:38.373361,4100.57,4104.04,4107.1,no
2026-07-10T19:47:42.252393,4102.67,4103.37,4106.24,no
2026-07-10T20:56:12.991579,4120.99,4107.83,4108.07,no
2026-07-10T22:12:25.035143,4119.51,4107.54,4107.94,no
2026-07-10T23:15:59.796681,4119.51,4107.54,4107.94,no
2026-07-11T00:13:50.654566,4119.51,4107.54,4107.94,no
2026-07-11T03:46:10.191805,4119.51,4107.54,4107.94,no
2026-07-11T06:03:00.674150,4119.51,4107.54,4107.94,no
2026-07-11T08:10:12.695859,4119.51,4107.54,4107.94,no
2026-07-11T09:50:36.798638,4119.51,4107.54,4107.94,no
2026-07-11T11:13:57.342428,4119.51,4107.54,4107.94,no
2026-07-11T12:08:01.813390,4119.51,4107.54,4107.94,no
2026-07-11T13:57:24.405398,4119.51,4107.54,4107.94,no
2026-07-11T15:05:36.416630,4119.51,4107.54,4107.94,no
2026-07-11T16:12:21.102803,4119.51,4107.54,4107.94,no
2026-07-11T17:19:06.610711,4119.51,4107.54,4107.94,no
2026-07-11T18:12:33.491971,4119.51,4107.54,4107.94,no
2026-07-11T19:35:09.074391,4119.51,4107.54,4107.94,no
2026-07-11T20:32:07.715456,4119.51,4107.54,4107.94,no
2026-07-11T21:28:21.992461,4119.51,4107.54,4107.94,no
2026-07-11T22:27:08.086450,4119.51,4107.54,4107.94,no
2026-07-11T23:32:05.828732,4119.51,4107.54,4107.94,no
2026-07-12T01:09:55.796687,4119.51,4107.54,4107.94,no
2026-07-12T04:42:53.648213,4119.51,4107.54,4107.94,no
2026-07-12T07:19:16.484396,4119.51,4107.54,4107.94,no
2026-07-12T09:22:00.017296,4119.51,4107.54,4107.94,no
2026-07-12T10:56:41.607410,4119.51,4107.54,4107.94,no
2026-07-12T12:04:47.465632,4119.51,4107.54,4107.94,no
2026-07-12T13:58:54.510958,4119.51,4107.54,4107.94,no
2026-07-12T15:06:39.920891,4119.51,4107.54,4107.94,no
2026-07-12T16:14:57.970497,4119.51,4107.54,4107.94,no
2026-07-12T17:29:05.045685,4119.51,4107.54,4107.94,no
2026-07-12T18:30:23.239299,4119.51,4107.54,4107.94,no
2026-07-12T19:44:04.632001,4119.51,4107.54,4107.94,no
2026-07-12T20:29:25.014909,4119.51,4107.54,4107.94,no
2026-07-12T21:27:16.721123,4119.51,4107.54,4107.94,no
2026-07-12T22:27:34.514243,4082.6,4102.55,4105.63,no
2026-07-12T23:31:40.520805,4074.78,4096.05,4102.34,no
2026-07-13T01:10:10.975147,4077.66,4090.1,4098.49,no
2026-07-13T04:49:57.006408,4054.26,4074.93,4088.73,no
2026-07-13T08:24:13.033360,4075.03,4069.09,4080.93,yes
2026-07-13T11:40:39.624750,4064.95,4066.79,4076.84,no
2026-07-13T13:50:57.543493,4050.11,4062.48,4073.0,no
2026-07-13T16:40:22.295613,3996.84,4035.21,4056.58,no
2026-07-13T18:22:48.970712,3988.36,4018.69,4044.89,no
2026-07-13T20:00:47.110490,4002.19,4017.5,4042.1,no
2026-07-13T21:09:00.738166,4001.22,4014.23,4038.37,no
2026-07-13T22:13:47.534894,4001.72,4011.72,4035.04,no
2026-07-13T23:15:31.835210,4000.61,4009.39,4031.85,no
2026-07-14T00:10:43.064729,3995.07,4006.61,4028.55,no
2026-07-14T03:39:40.530316,4015.07,4010.69,4025.28,no
2026-07-14T05:58:26.398149,4030.83,4016.53,4025.53,yes
2026-07-14T08:23:38.231371,4019.24,4018.78,4024.5,yes
2026-07-14T10:20:31.980328,4019.05,4018.92,4023.55,no
2026-07-14T11:58:54.867826,4029.19,4021.4,4024.28,no
2026-07-14T14:05:43.835928,4074.98,4048.18,4037.26,no
2026-07-14T15:50:08.033715,4071.52,4054.48,4041.22,no
2026-07-14T17:23:49.502861,4056.46,4055.36,4043.9,no
2026-07-14T18:43:08.494273,4053.22,4055.96,4045.28,no
2026-07-14T19:59:16.133217,4055.4,4056.01,4046.28,no
2026-07-14T21:08:50.315980,4052.93,4055.46,4046.92,no
2026-07-14T22:16:33.930636,4051.04,4054.58,4047.3,no
2026-07-14T23:15:16.968067,4047.7,4052.88,4047.17,no
2026-07-15T00:08:50.564006,4055.3,4054.24,4048.36,no
2026-07-15T03:40:15.014521,4032.56,4045.12,4045.29,no
2026-07-15T06:01:21.438773,4033.71,4040.78,4043.14,no
2026-07-15T08:31:36.374120,4026.76,4034.4,4039.38,no
2026-07-15T10:25:40.239522,4029.63,4033.37,4038.08,no
2026-07-15T12:03:17.104902,4038.93,4034.26,4038.04,no
2026-07-15T14:05:15.636726,4064.48,4048.97,4044.62,no
2026-07-15T15:54:22.716747,4049.73,4048.52,4044.77,no
2026-07-15T17:27:00.665536,4037.61,4043.63,4043.01,no
2026-07-15T18:41:01.655834,4071.13,4053.08,4047.61,no
2026-07-15T19:55:31.635835,4053.27,4051.21,4047.13,no
2026-07-15T21:10:29.236254,4060.57,4053.68,4048.67,no
2026-07-15T22:16:01.242110,4063.62,4055.67,4050.03,no
2026-07-15T23:16:38.087744,4060.41,4056.0,4050.65,no
2026-07-16T00:13:49.705978,4055.55,4055.52,4050.89,no
2026-07-16T03:42:07.314907,4033.88,4044.16,4046.13,no
2026-07-16T06:06:01.383657,4032.24,4037.96,4042.53,no
2026-07-16T08:36:27.089824,4032.88,4035.6,4040.56,no
2026-07-16T10:46:11.835016,4033.18,4034.83,4039.35,no
2026-07-16T12:11:21.236542,4033.3,4034.65,4038.46,no
2026-07-16T14:26:37.460828,3992.47,4013.89,4027.23,no
2026-07-16T16:00:34.917332,4007.29,4013.44,4025.87,no
2026-07-16T17:35:20.999012,3984.54,4004.23,4019.31,no
2026-07-16T18:48:36.459025,3983.12,4000.04,4016.04,no
2026-07-16T19:52:15.893535,3975.09,3994.62,4012.09,no
2026-07-16T21:12:03.545413,3976.55,3991.8,4009.27,no
2026-07-16T22:17:47.009663,3976.37,3988.71,4006.28,no
2026-07-16T23:14:48.907718,3979.17,3987.13,4003.98,no
2026-07-17T00:15:05.038908,3983.41,3987.49,4002.68,no
2026-07-17T03:42:17.426484,3999.36,3988.9,3999.58,yes
2026-07-17T06:05:25.172705,3991.46,3987.12,3995.79,no
2026-07-17T08:30:20.379359,3992.54,3990.13,3995.84,no
2026-07-17T10:21:35.225135,3995.24,3992.66,3996.11,no
2026-07-17T11:54:21.505454,3993.45,3992.13,3995.51,no
2026-07-17T13:57:20.981845,3991.65,3987.98,3992.8,no
2026-07-17T15:21:48.105497,4005.7,3994.35,3995.08,no
2026-07-17T16:42:16.844520,4013.97,4000.45,3997.92,no
2026-07-17T17:49:35.789955,4011.06,4002.74,3999.2,no
2026-07-17T19:22:35.415926,4006.57,4004.77,4000.81,no
2026-07-17T20:29:19.019843,4010.45,4007.33,4002.42,no
2026-07-17T21:25:17.228029,4017.26,4008.69,4003.04,no
2026-07-17T22:26:04.191054,4017.26,4008.69,4003.04,no
2026-07-17T23:29:28.650000,4017.26,4008.69,4003.04,no
2026-07-18T01:00:53.666366,4017.26,4008.69,4003.04,no
2026-07-18T04:09:20.697928,4017.26,4008.69,4003.04,no
2026-07-18T06:27:13.310931,4017.26,4008.69,4003.04,no
2026-07-18T08:23:24.797815,4017.26,4008.69,4003.04,no
2026-07-18T10:01:46.246892,4017.26,4008.69,4003.04,no
2026-07-18T11:15:06.706583,4017.26,4008.69,4003.04,no
2026-07-18T12:07:53.708733,4017.26,4008.69,4003.04,no
2026-07-18T13:53:08.847451,4017.26,4008.69,4003.04,no
2026-07-18T15:04:55.608381,4017.26,4008.69,4003.04,no
2026-07-18T16:12:58.230953,4017.26,4008.69,4003.04,no
2026-07-18T17:17:41.728615,4017.26,4008.69,4003.04,no
2026-07-18T18:12:34.815777,4017.26,4008.69,4003.04,no
2026-07-18T19:35:03.583532,4017.26,4008.69,4003.04,no
2026-07-18T20:31:12.034221,4017.26,4008.69,4003.04,no
2026-07-18T21:29:24.719663,4017.26,4008.69,4003.04,no
2026-07-18T22:27:31.944006,4017.26,4008.69,4003.04,no
2026-07-18T23:31:31.227658,4017.26,4008.69,4003.04,no
2026-07-19T01:05:44.602352,4017.26,4008.69,4003.04,no
2026-07-19T04:39:27.553860,4017.26,4008.69,4003.04,no
2026-07-19T07:17:01.483870,4017.26,4008.69,4003.04,no
2026-07-19T09:22:18.715112,4017.26,4008.69,4003.04,no
2026-07-19T10:56:10.683153,4017.26,4008.69,4003.04,no
2026-07-19T12:03:49.726804,4017.26,4008.69,4003.04,no
2026-07-19T13:47:24.685165,4017.26,4008.69,4003.04,no
2026-07-19T14:43:15.958645,4017.26,4008.69,4003.04,no
2026-07-19T15:41:21.545796,4017.26,4008.69,4003.04,no
2026-07-19T16:38:19.848254,4017.26,4008.69,4003.04,no
2026-07-19T17:43:46.969132,4017.26,4008.69,4003.04,no
2026-07-19T18:41:09.082066,4017.26,4008.69,4003.04,no
2026-07-19T19:57:31.993627,4017.26,4008.69,4003.04,no
2026-07-19T21:02:36.087615,4017.26,4008.69,4003.04,no
2026-07-19T22:04:21.083262,4017.26,4008.69,4003.04,no
2026-07-19T23:14:27.714924,3994.51,4003.65,4001.59,no
2026-07-20T00:15:13.121212,3996.24,4002.33,4001.19,no
2026-07-20T04:09:04.110921,4026.05,4014.09,4007.75,no
2026-07-20T07:33:23.554048,4005.94,4009.44,4006.87,no
2026-07-20T10:28:52.661702,4021.57,4016.16,4011.1,no
2026-07-20T12:34:59.509044,4012.27,4017.19,4012.58,no
2026-07-20T14:58:17.359138,4010.31,4013.49,4011.51,no
2026-07-20T16:40:04.580045,4009.84,4011.98,4011.09,no
2026-07-20T18:44:44.280052,4006.05,4009.74,4010.16,no
2026-07-20T20:13:20.294576,4006.14,4008.76,4009.63,no
2026-07-20T21:35:22.395336,4007.8,4009.09,4009.79,no
2026-07-20T22:41:02.895472,4008.06,4008.88,4009.63,no
2026-07-20T23:42:18.673756,4005.17,4006.94,4008.6,no
2026-07-21T01:12:10.562668,4027.08,4014.47,4012.0,yes
2026-07-21T04:35:40.499339,4045.57,4028.53,4019.64,no
2026-07-21T07:22:58.849226,4072.83,4050.02,4032.77,no
2026-07-21T10:04:46.363853,4066.21,4055.15,4038.2,no
2026-07-21T12:02:13.874899,4055.97,4056.56,4041.85,no
2026-07-21T14:17:12.039049,4065.36,4057.47,4045.85,no
2026-07-21T15:56:28.955551,4076.88,4061.85,4048.93,no
2026-07-21T17:38:36.743847,4070.51,4064.81,4052.57,no
2026-07-21T18:57:35.228662,4081.3,4067.83,4055.04,no
2026-07-21T20:22:29.087841,4084.11,4073.89,4060.2,no
2026-07-21T21:42:19.302975,4077.81,4072.63,4059.63,no
2026-07-21T22:39:14.998170,4084.06,4074.92,4061.85,no
2026-07-21T23:43:05.490613,4081.97,4075.77,4063.39,no
2026-07-22T01:10:04.320599,4116.01,4087.15,4070.91,yes
2026-07-22T04:37:29.349235,4126.86,4108.29,4085.86,no
2026-07-22T07:25:52.762317,4118.02,4114.49,4094.73,no
2026-07-22T10:03:05.356314,4114.65,4114.22,4097.95,no
2026-07-22T12:00:24.058714,4122.61,4116.51,4101.85,no
2026-07-22T14:17:50.593778,4157.77,4130.42,4112.14,yes
2026-07-22T15:54:18.346891,4164.52,4135.77,4116.14,no
2026-07-22T17:35:15.662112,4144.96,4138.75,4120.93,no
2026-07-22T18:48:58.161585,4135.92,4137.79,4122.09,no
2026-07-22T20:03:19.898318,4131.95,4136.66,4123.01,no
2026-07-22T21:18:47.559412,4130.1,4135.34,4123.65,no
2026-07-22T22:29:35.286267,4123.13,4132.9,4123.6,no
2026-07-22T23:33:09.249413,4119.97,4130.1,4123.16,no
2026-07-23T01:07:13.061502,4133.35,4132.83,4125.86,no
2026-07-23T04:39:05.488369,4127.01,4128.2,4124.99,no
2026-07-23T07:23:28.202164,4109.71,4121.86,4122.62,yes
2026-07-23T10:02:00.562223,4089.8,4109.09,4116.16,no
2026-07-23T11:59:34.651731,4084.51,4101.66,4111.4,no
2026-07-23T14:25:27.198556,4049.79,4076.99,4096.54,no
2026-07-23T16:10:01.356730,4050.38,4068.21,4089.02,no
2026-07-23T17:50:01.268040,4043.26,4063.41,4084.96,no
2026-07-23T19:38:54.242145,4047.34,4057.27,4078.23,no
2026-07-23T20:45:29.121716,4050.02,4056.22,4075.87,no
2026-07-23T21:47:28.198771,4049.59,4056.14,4075.84,no
2026-07-23T22:42:00.589513,4049.88,4054.89,4073.48,no
2026-07-23T23:43:34.267188,4048.52,4053.58,4071.19,no
2026-07-24T01:13:17.237565,4043.55,4050.82,4066.82,no
2026-07-24T04:36:55.676251,4029.06,4039.72,4057.14,no
2026-07-24T07:20:46.657499,4047.39,4038.31,4051.81,yes
2026-07-24T09:58:23.455187,4058.3,4045.55,4052.97,no
2026-07-24T11:49:48.183334,4055.43,4050.07,4053.91,no
2026-07-24T14:04:24.080735,4066.81,4054.69,4055.44,no
2026-07-24T15:46:51.569596,4072.21,4059.69,4057.68,no
2026-07-24T17:15:14.330504,4064.36,4062.48,4059.46,no
2026-07-24T18:50:16.216736,4053.64,4060.57,4058.86,yes
2026-07-24T20:36:11.244902,4052.45,4057.98,4057.93,no
2026-07-24T21:47:10.457451,4053.14,4058.12,4057.99,no
2026-07-24T22:46:01.223252,4053.14,4058.12,4057.99,no
2026-07-24T23:47:50.783757,4053.14,4058.12,4057.99,no
2026-07-25T01:15:43.083446,4053.14,4058.12,4057.99,no
2026-07-25T04:32:23.011436,4053.14,4058.12,4057.99,no
2026-07-25T06:59:14.052819,4053.14,4058.12,4057.99,no
2026-07-25T09:07:03.665966,4053.14,4058.12,4057.99,no
2026-07-25T10:46:31.162052,4053.14,4058.12,4057.99,no
2026-07-25T11:53:07.537652,4053.14,4058.12,4057.99,no
2026-07-25T13:55:18.849771,4053.14,4058.12,4057.99,no
2026-07-25T15:13:05.443585,4053.14,4058.12,4057.99,no
2026-07-25T16:13:29.978680,4053.14,4058.12,4057.99,no
2026-07-25T17:18:20.363359,4053.14,4058.12,4057.99,no
2026-07-25T18:12:51.136658,4053.14,4058.12,4057.99,no
2026-07-25T19:37:33.196511,4053.14,4058.12,4057.99,no
2026-07-25T20:34:43.253219,4053.14,4058.12,4057.99,no
2026-07-25T21:39:20.373557,4053.14,4058.12,4057.99,no
2026-07-25T22:39:25.200533,4053.14,4058.12,4057.99,no
2026-07-25T23:44:58.771910,4053.14,4058.12,4057.99,no
2026-07-26T01:17:14.408055,4053.14,4058.12,4057.99,no
2026-07-26T04:47:16.439908,4053.14,4058.12,4057.99,no
2026-07-26T07:27:45.206891,4053.14,4058.12,4057.99,no
2026-07-26T09:35:38.792950,4053.14,4058.12,4057.99,no
2026-07-26T11:10:02.410463,4053.14,4058.12,4057.99,no
2026-07-26T12:18:23.107437,4053.14,4058.12,4057.99,no
2026-07-26T14:03:55.394724,4053.14,4058.12,4057.99,no
2026-07-26T15:16:54.953535,4053.14,4058.12,4057.99,no
2026-07-26T16:26:20.902885,4053.14,4058.12,4057.99,no
2026-07-26T17:36:55.175968,4053.14,4058.12,4057.99,no
2026-07-26T18:44:36.495882,4053.14,4058.12,4057.99,no
2026-07-26T19:57:58.083261,4053.14,4058.12,4057.99,no
2026-07-26T21:06:47.261825,4053.14,4058.12,4057.99,no
2026-07-26T22:15:13.915265,4088.08,4064.11,4060.72,yes
2026-07-26T23:15:30.593291,4084.89,4068.52,4063.05,no
2026-07-27T00:16:16.423670,4115.64,4079.4,4068.59,yes
2026-07-27T04:08:50.324821,4091.27,4087.44,4076.33,no
2026-07-27T07:55:43.170856,4094.28,4090.84,4080.8,no
2026-07-27T11:34:30.206919,4097.11,4094.2,4085.65,no
2026-07-27T14:00:56.593927,4074.55,4088.2,4084.25,no
2026-07-27T16:29:50.148013,4081.24,4083.71,4082.89,no
2026-07-27T18:08:39.738094,4077.69,4081.51,4081.98,no
2026-07-27T19:58:01.106932,4087.51,4082.75,4082.51,no
2026-07-27T21:20:04.039182,4076.74,4080.9,4081.64,no
2026-07-27T22:36:12.204989,4074.41,4079.6,4080.99,yes
2026-07-27T23:47:48.617935,4072.05,4078.06,4080.16,no
2026-07-28T01:10:06.692253,4056.18,4070.65,4076.25,no
2026-07-28T04:30:43.565839,4045.71,4057.51,4067.96,no
2026-07-28T07:19:41.927804,4049.11,4052.48,4062.7,no
2026-07-28T10:11:02.885032,4022.32,4040.72,4054.37,yes
2026-07-28T12:16:00.769436,4027.53,4036.63,4050.09,no
2026-07-28T14:43:48.905785,4021.39,4031.55,4045.34,no
2026-07-28T16:25:09.657053,4043.94,4036.78,4045.52,no
2026-07-28T17:59:04.468863,4026.66,4033.75,4043.28,yes
2026-07-28T19:45:56.226734,4026.23,4030.7,4040.16,no
2026-07-28T20:51:31.415410,4027.59,4030.13,4039.05,no
2026-07-28T22:12:42.436718,4027.14,4029.69,4038.04,no
2026-07-28T23:17:28.206190,4022.13,4026.78,4035.87,no
2026-07-29T00:13:23.329359,4018.13,4025.51,4034.5,no
2026-07-29T03:44:23.224355,4027.19,4026.96,4033.06,no
2026-07-29T06:19:57.530306,4037.79,4029.83,4032.84,no
2026-07-29T09:23:55.665274,4037.06,4034.67,4034.68,no
2026-07-29T11:47:16.673604,4031.04,4032.24,4033.43,no
2026-07-29T13:27:23.640811,4020.63,4028.62,4031.51,no
2026-07-29T15:32:02.664720,4010.66,4019.42,4026.35,no
2026-07-29T16:53:59.272286,4017.9,4019.0,4025.53,no
2026-07-29T18:12:35.373794,4078.74,4036.25,4032.65,no
2026-07-29T19:47:32.322295,4069.54,4047.41,4038.33,no
2026-07-29T20:39:51.749291,4058.94,4045.79,4038.17,no
2026-07-29T21:41:07.765658,4066.4,4047.28,4038.85,no
2026-07-29T22:42:18.989537,4076.1,4053.05,4042.24,no
2026-07-29T23:45:29.035858,4090.3,4062.5,4047.64,no
2026-07-30T01:05:01.562338,4072.55,4063.62,4049.45,no
2026-07-30T04:23:41.203850,4052.23,4062.75,4053.95,no
2026-07-30T07:16:48.104799,4046.82,4051.06,4049.95,no
2026-07-30T09:46:35.009080,4065.64,4054.63,4051.73,no
2026-07-30T11:42:33.080628,4077.8,4062.75,4056.12,no
2026-07-30T13:16:40.130414,4076.7,4066.55,4059.06,no
2026-07-30T15:27:03.094850,4094.18,4081.99,4068.32,no
2026-07-30T17:05:28.338558,4107.84,4093.57,4076.48,no
2026-07-30T18:50:27.342452,4100.99,4094.24,4078.28,no
2026-07-30T20:21:12.084582,4113.59,4100.82,4084.2,no
2026-07-30T21:45:27.036433,4103.85,4098.88,4083.32,no
2026-07-30T22:49:53.640464,4110.52,4101.2,4085.79,no
2026-07-31T00:11:37.606592,4103.28,4102.23,4088.96,no
2026-07-31T03:54:43.663947,4076.21,4089.72,4085.83,no
2026-07-31T06:51:12.915189,4077.97,4083.58,4083.67,no
2026-07-31T09:50:29.888553,4056.66,4072.57,4078.15,no
2026-07-31T12:07:57.287312,4056.24,4063.84,4072.27,no
2026-07-31T14:40:10.693782,4040.47,4051.1,4064.37,no
2026-07-31T16:27:20.168023,4046.23,4050.38,4061.84,no
2026-07-31T18:07:12.331545,4052.63,4050.99,4060.11,no
2026-07-31T19:56:06.406180,4051.2,4050.75,4059.16,no
2026-07-31T21:16:45.671896,4044.43,4049.46,4057.8,no
2026-07-31T22:26:22.988748,4044.43,4049.46,4057.8,no
2026-07-31T23:34:22.930193,4044.43,4049.46,4057.8,no
2026-08-01T01:18:13.385430,4044.43,4049.46,4057.8,no
2026-08-01T04:42:57.880983,4044.43,4049.46,4057.8,no
2026-08-01T07:17:28.637438,4044.43,4049.46,4057.8,no
2026-08-01T09:27:22.177910,4044.43,4049.46,4057.8,no
2026-08-01T11:02:30.692619,4044.43,4049.46,4057.8,no
2026-08-01T12:09:10.726332,4044.43,4049.46,4057.8,no
2026-08-01T13:59:36.790706,4044.43,4049.46,4057.8,no
2026-08-01T15:10:35.315360,4044.43,4049.46,4057.8,no
2026-08-01T16:16:31.023309,4044.43,4049.46,4057.8,no
2026-08-01T17:26:36.366967,4044.43,4049.46,4057.8,no
2026-08-01T18:32:40.921894,4044.43,4049.46,4057.8,no
2026-08-01T19:48:48.452331,4044.43,4049.46,4057.8,no
2026-08-01T20:37:02.605781,4044.43,4049.46,4057.8,no
2026-08-01T21:39:04.694827,4044.43,4049.46,4057.8,no
2026-08-01T22:39:54.095609,4044.43,4049.46,4057.8,no
2026-08-01T23:42:57.620656,4044.43,4049.46,4057.8,no
2026-08-02T01:17:24.689499,4044.43,4049.46,4057.8,no
2026-08-02T04:43:56.379589,4044.43,4049.46,4057.8,no
2026-08-02T07:22:05.174483,4044.43,4049.46,4057.8,no
2026-08-02T09:35:36.292488,4044.43,4049.46,4057.8,no
2026-08-02T11:07:34.000638,4044.43,4049.46,4057.8,no
2026-08-02T12:16:46.215162,4044.43,4049.46,4057.8,no
2026-08-02T14:02:58.022791,4044.43,4049.46,4057.8,no
2026-08-02T15:14:15.175307,4044.43,4049.46,4057.8,no
2026-08-02T16:16:08.242743,4044.43,4049.46,4057.8,no
2026-08-02T17:27:40.552291,4044.43,4049.46,4057.8,no
2026-08-02T18:33:36.082152,4044.43,4049.46,4057.8,no
2026-08-02T19:48:47.402901,4044.43,4049.46,4057.8,no
2026-08-02T20:38:39.514623,4044.43,4049.46,4057.8,no
2026-08-02T21:39:27.869877,4044.43,4049.46,4057.8,no
2026-08-02T22:40:35.131517,4065.86,4052.74,4058.54,no
2026-08-02T23:44:09.733675,4069.97,4055.86,4059.41,no
2026-08-03T01:17:05.980845,4052.32,4056.02,4058.96,no
2026-08-03T04:52:12.911587,4070.84,4061.73,4061.12,no
2026-08-03T08:37:10.994589,4056.3,4061.03,4061.02,no
2026-08-03T12:02:22.557088,4062.49,4059.09,4060.0,no
2026-08-03T15:11:24.413645,4036.02,4046.23,4052.94,no
2026-08-03T17:20:51.590298,4036.41,4042.81,4050.13,no
2026-08-03T19:08:39.058876,4048.3,4043.28,4048.98,no
2026-08-03T20:39:54.329088,4057.41,4046.71,4050.06,no
2026-08-03T21:52:08.371036,4055.37,4046.3,4049.87,no
2026-08-03T23:13:03.032067,4052.21,4048.54,4050.34,no
2026-08-04T00:16:43.556573,4063.83,4051.88,4051.71,no
2026-08-04T03:43:43.588793,4056.29,4053.28,4052.26,no
2026-08-04T06:15:57.757480,4064.37,4057.87,4054.78,no
2026-08-04T09:14:46.292196,4051.22,4057.0,4055.24,no
2026-08-04T11:35:22.407096,4062.46,4057.42,4055.68,no
2026-08-04T13:26:11.319240,4082.47,4066.22,4060.33,no
2026-08-04T15:58:41.209562,4087.55,4073.49,4064.86,no
2026-08-04T17:58:48.591206,4089.77,4079.91,4069.47,no
2026-08-04T19:48:31.356402,4081.45,4079.77,4071.16,no
2026-08-04T20:57:39.396169,4077.03,4078.77,4071.46,no
2026-08-04T22:18:51.291130,4076.93,4078.48,4072.0,no
2026-08-04T23:29:12.774855,4068.39,4076.28,4071.58,no
2026-08-05T00:56:44.009133,4083.48,4078.39,4073.0,no
2026-08-05T04:18:49.623009,4138.7,4107.27,4089.68,no
2026-08-05T07:06:49.253764,4171.63,4138.04,4109.59,no
2026-08-05T09:59:37.349663,4157.77,4145.5,4118.13,no
2026-08-05T12:06:40.515405,4193.4,4164.11,4134.11,no
2026-08-05T14:37:12.831412,4233.92,4183.61,4148.43,no
2026-08-05T16:22:39.562318,4233.79,4202.83,4163.94,no
2026-08-05T18:07:31.560152,4252.82,4221.52,4179.8,no
2026-08-05T19:58:04.276352,4249.01,4228.31,4186.76,no
2026-08-05T21:20:47.948088,4246.91,4231.72,4192.07,no
2026-08-05T22:37:04.069625,4249.6,4235.3,4197.3,no
2026-08-05T23:41:19.297059,4278.15,4243.96,4204.69,no
2026-08-06T01:08:20.020631,4293.57,4262.05,4220.24,no
2026-08-06T04:32:28.611401,4254.1,4262.47,4231.0,yes
2026-08-06T07:22:17.789948,4264.45,4263.31,4239.4,no
2026-08-06T10:13:25.462368,4270.84,4268.14,4247.86,no
2026-08-06T12:21:42.846122,4257.24,4265.21,4250.0,no
2026-08-06T14:57:10.667771,4271.05,4265.83,4252.82,no
2026-08-07T00:33:23.812899,4244.01,4247.71,4247.96,no
2026-08-07T03:34:56.953962,4258.7,4250.37,4249.05,no
2026-08-07T05:25:00.008226,4268.57,4257.32,4252.71,no
2026-08-07T06:50:24.807146,4289.6,4265.4,4256.9,yes
2026-08-07T08:19:01.530876,4299.94,4277.26,4264.14,no
2026-08-07T09:27:36.505080,4310.6,4284.92,4268.88,no
2026-08-07T10:28:07.979021,4312.73,4291.38,4273.33,no
2026-08-07T11:25:03.750072,4320.68,4297.91,4277.98,no
2026-08-07T12:24:29.131934,4314.43,4301.33,4281.35,no
2026-08-07T13:52:45.330520,4355.68,4319.74,4292.0,no
2026-08-07T15:02:46.945485,4341.05,4322.81,4295.85,no
2026-08-07T16:05:35.765914,4342.67,4329.78,4303.88,no
2026-08-07T17:11:25.284567,4335.43,4328.78,4305.66,no
2026-08-07T18:05:50.693935,4339.94,4331.8,4309.18,no
2026-08-07T19:20:10.804302,4347.2,4334.18,4312.27,no
2026-08-07T20:09:06.001393,4343.64,4335.56,4314.86,no
2026-08-07T21:02:36.384535,4342.15,4335.27,4314.73,no
2026-08-07T21:51:41.145465,4342.15,4335.27,4314.73,no
2026-08-07T22:48:39.702972,4342.15,4335.27,4314.73,no
2026-08-07T23:20:53.115554,4342.15,4335.27,4314.73,no
2026-08-08T00:02:19.555728,4342.15,4335.27,4314.73,no
2026-08-08T02:16:25.303173,4342.15,4335.27,4314.73,no
2026-08-08T03:46:46.510704,4342.15,4335.27,4314.73,no
2026-08-08T04:42:29.489734,4342.15,4335.27,4314.73,no
2026-08-08T05:30:36.341045,4342.15,4335.27,4314.73,no
2026-08-08T06:22:16.699686,4342.15,4335.27,4314.73,no
2026-08-08T07:31:24.194447,4342.15,4335.27,4314.73,no
2026-08-08T08:10:04.181424,4342.15,4335.27,4314.73,no
2026-08-08T09:03:57.505787,4342.15,4335.27,4314.73,no
2026-08-08T09:50:25.967065,4342.15,4335.27,4314.73,no
2026-08-08T10:42:49.549758,4342.15,4335.27,4314.73,no
2026-08-08T11:12:43.662137,4342.15,4335.27,4314.73,no
2026-08-08T11:46:57.973305,4342.15,4335.27,4314.73,no
2026-08-08T12:16:49.049915,4342.15,4335.27,4314.73,no
2026-08-08T13:16:35.295240,4342.15,4335.27,4314.73,no
2026-08-08T14:01:18.975710,4342.15,4335.27,4314.73,no
2026-08-08T14:43:40.887472,4342.15,4335.27,4314.73,no
2026-08-08T15:12:39.994158,4342.15,4335.27,4314.73,no
2026-08-08T15:49:27.386040,4342.15,4335.27,4314.73,no
2026-08-08T16:45:55.420466,4342.15,4335.27,4314.73,no
2026-08-08T17:15:55.046153,4342.15,4335.27,4314.73,no
2026-08-08T17:50:58.555661,4342.15,4335.27,4314.73,no
2026-08-08T18:51:25.640359,4342.15,4335.27,4314.73,no
2026-08-08T19:37:18.117113,4342.15,4335.27,4314.73,no
2026-08-08T20:10:32.014244,4342.15,4335.27,4314.73,no
2026-08-08T20:51:49.937805,4342.15,4335.27,4314.73,no
2026-08-08T21:39:03.909730,4342.15,4335.27,4314.73,no
2026-08-08T22:10:29.591444,4342.15,4335.27,4314.73,no
2026-08-08T22:50:02.124358,4342.15,4335.27,4314.73,no
2026-08-08T23:37:28.569727,4342.15,4335.27,4314.73,no
2026-08-09T00:35:28.115773,4342.15,4335.27,4314.73,no
2026-08-09T02:52:44.349512,4342.15,4335.27,4314.73,no
2026-08-09T04:24:20.050573,4342.15,4335.27,4314.73,no
2026-08-09T05:30:38.144254,4342.15,4335.27,4314.73,no
2026-08-09T06:23:47.754331,4342.15,4335.27,4314.73,no
2026-08-09T07:36:35.260612,4342.15,4335.27,4314.73,no
2026-08-09T08:25:00.897596,4342.15,4335.27,4314.73,no
2026-08-09T09:19:54.026632,4342.15,4335.27,4314.73,no
2026-08-09T10:06:27.322277,4342.15,4335.27,4314.73,no
2026-08-09T10:55:16.613132,4342.15,4335.27,4314.73,no
2026-08-09T11:37:33.596430,4342.15,4335.27,4314.73,no
2026-08-09T12:17:31.832830,4342.15,4335.27,4314.73,no
2026-08-09T13:25:25.173317,4342.15,4335.27,4314.73,no
2026-08-09T14:09:50.815096,4342.15,4335.27,4314.73,no
2026-08-09T14:55:13.870702,4342.15,4335.27,4314.73,no
2026-08-09T15:39:28.027503,4342.15,4335.27,4314.73,no
2026-08-09T16:14:09.097074,4342.15,4335.27,4314.73,no
2026-08-09T16:58:16.852651,4342.15,4335.27,4314.73,no
2026-08-09T17:39:17.602398,4342.15,4335.27,4314.73,no
2026-08-09T18:16:36.940802,4342.15,4335.27,4314.73,no
2026-08-09T19:06:41.702181,4342.15,4335.27,4314.73,no
2026-08-09T19:50:40.557095,4342.15,4335.27,4314.73,no
2026-08-09T20:44:50.234434,4342.15,4335.27,4314.73,no
2026-08-09T21:15:54.413805,4342.15,4335.27,4314.73,no
2026-08-09T21:52:21.014940,4342.15,4335.27,4314.73,no
2026-08-09T22:40:58.602827,4341.45,4336.5,4317.16,no
2026-08-09T23:13:25.513614,4346.47,4338.55,4319.85,no
2026-08-09T23:50:48.474012,4342.13,4337.68,4319.45,no
2026-08-10T02:27:06.315739,4327.24,4331.54,4320.75,no
2026-08-10T04:15:55.230766,4332.49,4329.99,4321.75,no
2026-08-10T05:48:46.227864,4342.88,4333.7,4324.25,yes
2026-08-10T07:00:17.143871,4358.26,4339.35,4327.72,no
2026-08-10T08:47:17.505759,4346.38,4343.34,4331.72,no
2026-08-10T10:04:43.746130,4342.14,4343.15,4332.69,no
2026-08-10T11:27:48.901974,4333.78,4340.0,4332.99,no
2026-08-10T12:25:19.953824,4327.71,4337.77,4332.62,no
2026-08-10T13:59:22.382331,4323.34,4335.68,4332.19,no
2026-08-10T15:09:06.573621,4348.03,4339.07,4334.35,no
2026-08-10T16:10:54.363923,4360.88,4345.12,4337.63,no
2026-08-10T17:11:47.980594,4355.44,4346.54,4338.92,no
2026-08-10T18:06:02.509649,4363.82,4350.77,4341.58,no
2026-08-10T19:24:23.983817,4382.98,4359.59,4346.57,no
2026-08-10T20:10:24.511803,4386.32,4365.79,4350.63,no
2026-08-10T21:04:10.084900,4390.32,4366.59,4350.99,no
2026-08-10T21:54:39.770939,4390.32,4366.59,4350.99,no
2026-08-10T22:49:15.886616,4395.99,4372.47,4355.08,no
2026-08-10T23:44:01.004645,4398.22,4378.24,4359.33,no
2026-08-11T00:36:39.886949,4412.58,4385.79,4364.52,no
2026-08-11T02:54:36.403834,4414.56,4398.19,4374.23,no
2026-08-11T04:34:39.314031,4415.57,4404.2,4381.24,no
2026-08-11T05:42:54.104775,4379.07,4398.12,4380.5,no
2026-08-11T06:38:56.657042,4362.76,4390.47,4378.59,no
2026-08-11T07:58:17.052394,4359.97,4384.94,4377.19,no
2026-08-11T09:09:27.030412,4371.41,4379.43,4375.84,no
2026-08-11T10:14:01.499980,4373.58,4378.43,4375.72,no
2026-08-11T11:07:38.490519,4390.56,4382.28,4377.81,yes
2026-08-11T12:00:31.488620,4387.64,4381.69,4377.54,no
2026-08-11T13:33:39.161576,4397.9,4386.71,4380.65,no
2026-08-11T14:40:23.355357,4392.47,4386.48,4381.01,no
2026-08-11T15:42:52.197472,4371.74,4383.82,4380.32,yes
2026-08-11T16:40:25.503291,4383.93,4385.79,4381.65,no
2026-08-11T17:44:14.408641,4376.99,4383.96,4381.19,no
2026-08-11T18:39:23.214962,4367.75,4379.48,4379.33,no
2026-08-11T19:49:17.478931,4367.71,4377.73,4378.59,no
2026-08-11T20:57:14.234808,4368.4,4376.35,4377.91,no
2026-08-11T21:57:18.992909,4368.49,4376.37,4377.92,no
2026-08-11T22:54:28.639563,4374.99,4376.1,4377.66,no
2026-08-11T23:51:48.459568,4368.97,4373.74,4376.39,no
2026-08-12T02:35:29.816434,4398.96,4383.58,4380.6,no
2026-08-12T04:28:50.705617,4397.72,4391.02,4384.9,no
2026-08-12T06:01:27.889585,4391.27,4391.61,4385.76,no
2026-08-12T07:46:05.020108,4407.94,4396.75,4389.23,no
2026-08-12T08:54:19.521806,4404.26,4398.0,4390.46,no
2026-08-12T10:15:39.442118,4417.95,4404.55,4394.88,no
2026-08-12T11:12:14.006654,4411.24,4405.05,4395.94,no
2026-08-12T12:01:58.599179,4412.9,4405.39,4396.09,no
2026-08-12T13:38:35.298206,4414.64,4412.35,4401.19,no
2026-08-12T14:45:42.317056,4424.66,4416.89,4404.4,no
2026-08-12T15:43:00.155032,4420.93,4417.3,4405.69,no
2026-08-12T16:39:44.755641,4413.25,4416.53,4406.4,no
2026-08-12T17:44:16.874432,4405.87,4412.55,4405.4,no
2026-08-12T18:39:26.948448,4412.57,4411.54,4405.52,no
2026-08-12T19:51:02.716629,4409.85,4411.29,4405.96,no
2026-08-12T20:56:10.139723,4407.53,4411.18,4406.43,no
2026-08-12T21:55:40.398138,4408.59,4411.39,4406.53,no
2026-08-12T22:53:03.245453,4400.74,4409.26,4406.0,no
2026-08-12T23:51:57.571644,4408.36,4409.26,4406.31,no
2026-08-13T02:37:19.768997,4402.55,4410.8,4408.19,no
2026-08-13T04:32:08.652896,4398.25,4407.21,4406.98,no
2026-08-13T06:02:41.030045,4382.38,4402.19,4404.72,no
2026-08-13T07:47:54.246197,4378.12,4394.07,4400.39,no
2026-08-13T08:57:23.788832,4376.16,4389.19,4397.52,no
2026-08-13T10:17:31.536745,4381.77,4386.92,4394.99,no
2026-08-13T11:14:00.449956,4390.72,4389.34,4395.46,no
2026-08-13T12:01:59.038298,4387.82,4388.55,4394.52,no
2026-08-13T13:38:31.854942,4380.44,4389.2,4394.41,no
2026-08-13T14:46:08.852839,4381.35,4386.43,4392.6,no
2026-08-13T15:43:17.862747,4369.19,4383.37,4390.67,no
2026-08-13T16:38:45.710529,4366.58,4379.38,4388.16,no
2026-08-13T17:44:21.019908,4361.61,4375.91,4385.78,no
2026-08-13T18:40:01.579839,4358.55,4371.54,4382.85,no
2026-08-13T19:46:23.078252,4351.1,4367.21,4379.84,no
2026-08-13T20:24:09.448588,4350.45,4363.71,4377.09,no
2026-08-13T21:25:05.618063,4351.1,4363.84,4377.15,no
2026-08-13T22:20:45.445449,4353.4,4361.75,4374.99,no
2026-08-13T23:20:58.675773,4358.43,4361.35,4373.62,no
2026-08-14T00:09:47.853490,4360.09,4360.8,4372.23,no
2026-08-14T03:01:18.999497,4315.95,4342.59,4361.23,no
2026-08-14T04:56:53.286208,4324.96,4336.01,4354.81,no
2026-08-14T06:21:40.695124,4331.83,4335.03,4351.11,no
2026-08-14T07:59:12.884712,4343.24,4337.29,4350.72,no
2026-08-14T09:14:20.780260,4348.9,4341.51,4350.43,no
2026-08-14T10:26:13.421804,4354.0,4345.34,4351.44,no
